Business Name,Phone,Address,Category Type,Website
Eagle Postal Center #23,(214) 841-0556,"6333 E Mockingbird Ln Ste 147, Dallas, TX 75214",Mailbox RentalShipping Services,
Ship Express,(214) 692-9773,"3026 Mockingbird Ln, Dallas, TX 75205",Mailbox RentalMail & Shipping Services,http://www.ship-express.com/
Eagle Postal Center,(214) 692-6245,"5521 Greenville Ave Ste 104, Dallas, TX 75206",Mailbox RentalFreight Brokers,http://www.eaglepostal.info/
"Ship-It, Inc.",(972) 934-7036,"15920 Meadow Vista Pl, Dallas, TX 75248",Mailbox Rental,
DHL Authorized,(972) 379-7544,"13410 Preston Rd Ste C, Dallas, TX 75240",Mailbox RentalShipping Services,
Eagle Postal Center #12,(214) 965-9292,"2807 Allen St, Dallas, TX 75204",Mailbox RentalNotaries Public,
Eagle Postal Center,(214) 599-9191,"3839 Mckinney Ave Ste 155, Dallas, TX 75204",Mailbox RentalNotaries Public,
Mail Express,(214) 739-2300,"4516 Lovers Ln, Dallas, TX 75225",Mailbox Rental,
Mail Stop,(972) 239-8686,"305 Spring Creek Vlg, Dallas, TX 75248",Mailbox RentalShipping Services,
The UPS Store,(214) 503-1774,"9090 Skillman St # 182-a, Dallas, TX 75243",Mailbox RentalMail & Shipping Services,https://locations.theupsstore.com/tx/dallas/9090-skillman-st?utm_source=Yext&utm_medium=organic&utm_campaign=Listings
United States Postal Service,(800) 275-8777,"5111 Greenville Ave, Dallas, TX 75206",Mailbox RentalPost Offices,https://tools.usps.com/go/POLocatorDetailsAction!input.action?&radius=20&locationType=po&locationTypeQ=po&locationID=1371044&utm_source=website-url&utm_medium=search&utm_campaign=yext
Lone Star Shipping,(214) 987-2282,"6611 Hillcrest Ave, Dallas, TX 75205",Mailbox RentalMail & Shipping Services,http://www.lonestarshippingcompany.com/
Eagle Postal Center,(972) 991-6245,"13410 Preston Rd Ste C, Dallas, TX 75240",Mailbox RentalBusiness Cards,
Eagle Postal Oaklawn,(214) 520-6245,"3210 Oak Lawn Ave, Dallas, TX 75219",Mailbox RentalFax Service,http://www.eaglepostal.info/
Eagle Postal Centers,(972) 991-6245,"13237 Montfort Dr, Dallas, TX 75240",Mailbox Rental,
A1A Mailbox,(972) 980-0033,"205 W Main St, Richardson, TX 75081",Mailbox RentalMail & Shipping Services,http://a1amailbox.com/
Mail Ship & More,(972) 650-1185,"4020 N Macarthur Blvd Ste 122, Irving, TX 75038",Mailbox RentalMail & Shipping Services,http://mailshipandmore.com/
Frontier Express Mail-Ofc Spls,(972) 224-0866,"1670 N Hampton Rd, Desoto, TX 75115",Mailbox Rental,http://www.femos1.com/
Pakmail Of Garland,(972) 487-0260,"2334 W Buckingham Rd, Garland, TX 75042",Mailbox RentalPackaging Service,http://www.pakmailgarland.com/
1 pack n Ship,(469) 249-1084,"955 E Campbell Rd Ste 300, Richardson, TX 75081",Mailbox RentalMoving Equipment Rental,
The Mail Room,(972) 867-6330,"2701 W 15th St Ste C, Plano, TX 75075",Mailbox Rental,http://www.planomailroom.com/
Ship-N-Mail,(972) 264-5480,"4116 S Carrier Pkwy Ste 280, Grand Prairie, TX 75052",Mailbox RentalMail & Shipping Services,
Packaging Store & Moving Center,(817) 795-1999,"2420 E Arkansas Ln, Arlington, TX 76014",Mailbox RentalPacking & Crating Service,http://thepackagingstore.com/
E-Z Mail Service Inc,(817) 792-2085,"1861 Brown Blvd Ste 217, Arlington, TX 76006",Mailbox RentalMail & Shipping Services,http://www.ezmailservices.com/
Copy & Ship HQ,(817) 380-5194,"3930 Glade Rd SUITE 108, Colleyville, TX 76034",Mailbox RentalAdvertising Agencies,http://www.copyandship-hq.com/
Packaging And Shipping Specialist,(817) 467-7015,"5904 S Cooper St, Arlington, TX 76017",Mailbox RentalPackaging Machinery,http://www.passstore.com/
Eagle Postal Center,(817) 453-8855,"900 N Walnut Creek Dr, Mansfield, TX 76063",Mailbox RentalPackaging Materials,https://www.mansfieldeaglepostal.com/
PRO Pack Mail & Parcel Center,(817) 276-9424,"615 E Abram St Ste D, Arlington, TX 76010",Mailbox Rental,
Goin' Postal,(972) 287-6245,"609 N Highway 175, Seagoville, TX 75159",Mailbox RentalPost Offices,http://www.goinpostal.com/locations/locator_store.php?storeid=gp398
Parcel Post & PC Pros,(972) 398-1601,"7801 Alma Dr Ste 105, Plano, TX 75025",Mailbox RentalPackaging Service,http://parcelpostplano.com/
Mail Boxes Etc,(972) 596-0047,"3100 Independence Pkwy Ste 311, Plano, TX 75075",Mailbox RentalShipping Services,http://murphy-tx-4758.theupsstorelocal.com/
Postal Shoppe,(972) 403-7092,"2108 Dallas Pkwy Ste 214, Plano, TX 75093",Mailbox RentalShipping Services,http://www.packandmailshoppe.com/
Ship & Copy Designs,(972) 459-6644,"420 E Round Grove Rd Ste 118, Lewisville, TX 75067",Mailbox RentalShipping Services,
The Mail Room,(214) 483-6500,"4009 Old Denton Rd Ste 114, Carrollton, TX 75007",Mailbox RentalMail & Shipping Services,
Eagle Postal Centers Inc,(817) 421-7410,"3105 Ira E Woods Ave, Grapevine, TX 76051",Mailbox Rental,
World Mailbox,(817) 514-6245,"602 Grapevine Hwy, Hurst, TX 76054",Mailbox RentalMail & Shipping Services,
Rockwall Pak 'n Post,(972) 771-9544,"519 E Interstate 30, Rockwall, TX 75087",Mailbox RentalMail & Shipping Services,http://www.paknpost.info/
In The Box Pack & Ship,(972) 691-3456,"2450 Lakeside Pkwy Ste 150, Flower Mound, TX 75022",Mailbox RentalPackaging Materials,http://www.intheboxps.com/
HeadSpace Dallas,(972) 695-9350,"4100 Midway Rd # 2120, Carrollton, TX 75007",Mailbox Rental,http://www.headspacedallas.com/
Poc Pack N Ship,(972) 539-5826,"1901 Long Prairie Rd Ste 130, Flower Mound, TX 75022",Mailbox RentalPacking & Crating Service,
Liberty Postal Express,(972) 899-9275,"2560 King Arthur Blvd Ste 124, Lewisville, TX 75056",Mailbox RentalMail & Shipping Services,http://www.libertypostal.com/
Mail Services Unlimited,(817) 794-0808,"2504 W Park Row Dr, Pantego, TX 76013",Mailbox RentalFax Service,
Ray Hubbard Postal Center,(972) 771-3677,"709 W Rusk St, Rockwall, TX 75087",Mailbox RentalMail & Shipping Services,http://www.rayhubbardpostal.com/
Pack N Mail,(817) 488-9733,"2150 W Northwest Hwy Ste 114, Grapevine, TX 76051",Mailbox RentalFax Service,http://www.packnmailgrapevine.com/
The Mail Bag,(972) 393-3430,"120 S Denton Tap Rd Ste 450, Coppell, TX 75019",Mailbox Rental,
The Mail Room,(817) 514-8070,"729 Grapevine Hwy, Hurst, TX 76054",Mailbox RentalFax Service,http://www.themailroomhurst.com/
Mailboxes & Such,(817) 794-0808,"2504 W Park Row Dr, Pantego, TX 76013",Mailbox RentalFax Service,http://www.mailservicesunlimited.net/
Eagle Postal Center,(817) 473-2567,"1301 E Debbie Ln Ste 102, Mansfield, TX 76063",Mailbox RentalShipping Services,http://www.theupsstore.com/
Mr Parcel,(972) 727-1454,"101 N Greenville Ave Ste C, Allen, TX 75002",Mailbox RentalMail & Shipping Services,http://www.mrparcelallen.com/
Copy & Ship HQ,(972) 660-7225,"2580 W Camp Wisdom Rd Ste 100, Grand Prairie, TX 75052",Mailbox Rental,http://www.copyandshiphq.com/
UPS,(817) 276-9424,"615 E Abram St, Arlington, TX 76010",Mailbox RentalDelivery Service,http://ups.com/
Eagle Postal Center,(817) 795-6674,"2131 N Collins St Ste 433, Arlington, TX 76011",Mailbox RentalFax Service,http://www.eaglepostal.us/
QuickShip Mail and Business Center,(940) 497-2202,"209 S Shady Shores Dr Ste 300, Lake Dallas, TX 75065",Mailbox RentalMail & Shipping Services,http://www.quickshipinc.com/
Box 'n Mail,(817) 577-1717,"6245 Rufe Snow Dr Ste 280, Fort Worth, TX 76148",Mailbox RentalMail & Shipping Services,http://www.boxnmailtx.com/
ABS Associated Business Services,(888) 613-8030,,Mailbox RentalLegal Document Assistance,http://www.pmattabs.com/services-offered-nationwide
The Mail Room,(972) 867-6330,"2701 W 15th St Ste C, Plano, TX 75075",Mailbox Rental,http://www.planomailroom.com/
The UPS Store,(972) 444-0137,"7750 N Macarthur Blvd Ste 120, Irving, TX 75063",Mailbox Rental,
United States Postal Service,(800) 275-8777,"765 W Westchester Pkwy, Grand Prairie, TX 75052",Mailbox RentalPost Offices,https://tools.usps.com/go/POLocatorDetailsAction!input.action?&radius=20&locationType=po&locationTypeQ=po&locationID=1387255&utm_source=website-url&utm_medium=search&utm_campaign=yext
The UPS Store,(469) 272-9600,"445 E Fm 1382 Ste 3, Cedar Hill, TX 75104",Mailbox Rental,
United States Postal Service,(800) 275-8777,"433 Belle Grove Dr, Richardson, TX 75080",Mailbox RentalPost Offices,https://tools.usps.com/go/POLocatorDetailsAction!input.action?&radius=20&locationType=po&locationTypeQ=po&locationID=1379206&utm_source=website-url&utm_medium=search&utm_campaign=yext
The UPS Store,(972) 479-9080,"1920 N Coit Rd Ste 200, Richardson, TX 75080",Mailbox RentalMail & Shipping Services,https://locations.theupsstore.com/tx/richardson/1920-n-coit-rd?utm_source=Yext&utm_medium=organic&utm_campaign=Listings
United States Postal Service,(800) 275-8777,"120 Blackwell Blvd, Wilmer, TX 75172",Mailbox RentalPost Offices,https://tools.usps.com/go/POLocatorDetailsAction!input.action?&radius=20&locationType=po&locationTypeQ=po&locationID=1387835&utm_source=website-url&utm_medium=search&utm_campaign=yext
United States Postal Service,(800) 275-8777,"3416 Enterprise Dr, Rowlett, TX 75088",Mailbox RentalPost Offices,https://tools.usps.com/go/POLocatorDetailsAction!input.action?&radius=20&locationType=po&locationTypeQ=po&locationID=1379999&utm_source=website-url&utm_medium=search&utm_campaign=yext
The UPS Store,(972) 669-9500,"819 W Arapaho Rd Ste 24B, Richardson, TX 75080",Mailbox Rental,
United States Postal Service,(800) 275-8777,"1206 Apollo Rd, Richardson, TX 75081",Mailbox RentalPost Offices,https://tools.usps.com/go/POLocatorDetailsAction!input.action?&radius=20&locationType=po&locationTypeQ=po&locationID=1367578&utm_source=website-url&utm_medium=search&utm_campaign=yext
The UPS Store,(972) 418-6376,"2810 E Trinity Mills Rd Ste 209, Carrollton, TX 75006",Mailbox RentalMail & Shipping Services,https://locations.theupsstore.com/tx/carrollton/2810-e-trinity-mills?utm_source=Yext&utm_medium=organic&utm_campaign=Listings
The UPS Store,(972) 304-9410,"820 S Macarthur Blvd Ste 105, Coppell, TX 75019",Mailbox RentalMail & Shipping Services,https://locations.theupsstore.com/tx/coppell/820-s-macarthur-blvd?utm_source=Yext&utm_medium=organic&utm_campaign=Listings
The UPS Store,(972) 675-0877,"5435 N Garland Ave Ste 140, Garland, TX 75040",Mailbox RentalMail & Shipping Services,https://locations.theupsstore.com/tx/garland/5435-n-garland-ave?utm_source=Yext&utm_medium=organic&utm_campaign=Listings
The UPS Store,(972) 466-4466,"3044 Old Denton Rd Ste 111, Carrollton, TX 75007",Mailbox RentalMail & Shipping Services,https://locations.theupsstore.com/tx/carrollton/3044-old-denton-rd?utm_source=Yext&utm_medium=organic&utm_campaign=Listings
The UPS Store,(469) 677-6678,"224 W Campbell Rd, Richardson, TX 75080",Mailbox RentalMail & Shipping Services,https://locations.theupsstore.com/tx/richardson/224-w-campbell-rd?utm_source=Yext&utm_medium=organic&utm_campaign=Listings
The UPS Store,(469) 892-6887,"2145 N Josey Ln, Carrollton, TX 75006",Mailbox RentalMail & Shipping Services,https://locations.theupsstore.com/tx/carrollton/2145-n-josey-ln?utm_source=Yext&utm_medium=organic&utm_campaign=Listings
The UPS Store,(469) 845-3006,"3341 Regent Blvd Ste 130, Irving, TX 75063",Mailbox RentalMail & Shipping Services,https://locations.theupsstore.com/tx/irving/3341-regent-blvd?utm_source=Yext&utm_medium=organic&utm_campaign=Listings
The UPS Store,(469) 660-0322,"2305 W Interstate 20 Ste 140, Grand Prairie, TX 75052",Mailbox RentalMail & Shipping Services,https://locations.theupsstore.com/tx/grand-prairie/2305-w-i-20?utm_source=Yext&utm_medium=organic&utm_campaign=Listings
The UPS Store,(972) 304-6500,"660 Fritz Dr, Coppell, TX 75019",Mailbox RentalMail & Shipping Services,http://www.theupsstore.com/
The UPS Store,(205) 403-2881,"3000 Northside Blvd, Richardson, TX 75080",Mailbox RentalMail & Shipping Services,http://www.theupsstore.com/
The UPS Store,(972) 495-7076,"1802 Pleasant Valley Rd Ste 100, Garland, TX 75040",Mailbox RentalMail & Shipping Services,http://www.theupsstore.com/
The UPS Store,(800) 742-5877,"379 Exchange Dr, Arlington, TX 76011",Mailbox RentalMail & Shipping Services,http://www.theupsstore.com/
Ship-N-Mail,(972) 264-5480,"4116 S Carrier Pkwy Ste 280, Grand Prairie, TX 75052",Mailbox RentalMail & Shipping Services,
Packaging Store & Moving Center,(817) 795-1999,"2420 E Arkansas Ln, Arlington, TX 76014",Mailbox RentalPacking & Crating Service,http://thepackagingstore.com/
Copy & Ship HQ,(817) 380-5194,"3930 Glade Rd SUITE 108, Colleyville, TX 76034",Mailbox RentalAdvertising Agencies,http://www.copyandship-hq.com/
Packaging And Shipping Specialist,(817) 467-7015,"5904 S Cooper St, Arlington, TX 76017",Mailbox RentalPackaging Machinery,http://www.passstore.com/
Eagle Postal Center,(817) 453-8855,"900 N Walnut Creek Dr, Mansfield, TX 76063",Mailbox RentalFax Service,https://www.mansfieldeaglepostal.com/
PRO Pack Mail & Parcel Center,(817) 276-9424,"615 E Abram St Ste D, Arlington, TX 76010",Mailbox Rental,
Goin' Postal,(972) 287-6245,"609 N Highway 175, Seagoville, TX 75159",Mailbox RentalPost Offices,http://www.goinpostal.com/locations/locator_store.php?storeid=gp398
Parcel Post & PC Pros,(972) 398-1601,"7801 Alma Dr Ste 105, Plano, TX 75025",Mailbox RentalPackaging Service,http://parcelpostplano.com/
Parcel Post & PC Pros,(972) 398-1601,"7801 Alma Dr Ste 105, Plano, TX 75025",Mailbox RentalPackaging Service,http://parcelpostplano.com/
Mail Boxes Etc,(972) 596-0047,"3100 Independence Pkwy Ste 311, Plano, TX 75075",Mailbox RentalShipping Services,http://murphy-tx-4758.theupsstorelocal.com/
Postal Shoppe,(972) 403-7092,"2108 Dallas Pkwy Ste 214, Plano, TX 75093",Mailbox RentalShipping Services,http://www.packandmailshoppe.com/
Ship & Copy Designs,(972) 459-6644,"420 E Round Grove Rd Ste 118, Lewisville, TX 75067",Mailbox RentalShipping Services,
The Mail Room,(214) 483-6500,"4009 Old Denton Rd Ste 114, Carrollton, TX 75007",Mailbox RentalMail & Shipping Services,
Eagle Postal Centers Inc,(817) 421-7410,"3105 Ira E Woods Ave, Grapevine, TX 76051",Mailbox Rental,
World Mailbox,(817) 514-6245,"602 Grapevine Hwy, Hurst, TX 76054",Mailbox RentalMail & Shipping Services,
The UPS Store,(817) 251-8444,"2140 Hall Johnson Rd Ste 102, Grapevine, TX 76051",Mailbox RentalMail & Shipping Services,https://locations.theupsstore.com/tx/grapevine/2140-hall-johnson-rd?utm_source=Yext&utm_medium=organic&utm_campaign=Listings
The UPS Store,(972) 370-1525,"3751 Main St Ste 600, The Colony, TX 75056",Mailbox Rental,
The UPS Store,(972) 315-3424,"1079 W Round Grove Rd Ste 300, Lewisville, TX 75067",Mailbox Rental,
Rockwall Pak 'n Post,(972) 771-9544,"519 E Interstate 30, Rockwall, TX 75087",Mailbox RentalMail & Shipping Services,http://www.paknpost.info/
The UPS Store,(972) 964-5759,"1900 Preston Rd Ste 267, Plano, TX 75093",Mailbox RentalMail & Shipping Services,https://locations.theupsstore.com/tx/plano/1900-preston-rd?utm_source=Yext&utm_medium=organic&utm_campaign=Listings
The UPS Store,(972) 491-7047,"3948 Legacy Dr Ste 106, Plano, TX 75023",Mailbox RentalMail & Shipping Services,https://locations.theupsstore.com/tx/plano/3948-legacy-drive?utm_source=Yext&utm_medium=organic&utm_campaign=Listings
In The Box Pack & Ship,(972) 691-3456,"2450 Lakeside Pkwy Ste 150, Flower Mound, TX 75022",Mailbox RentalPackaging Materials,http://www.intheboxps.com/
The UPS Store,(972) 552-2800,"750 E Us Highway 80 Ste 200, Forney, TX 75126",Mailbox RentalMail & Shipping Services,https://locations.theupsstore.com/tx/forney/750-e-us-hwy-80?utm_source=Yext&utm_medium=organic&utm_campaign=Listings
USPS - United States Post Office - CPU Harbor Mail,(972) 722-3807,"3021 Ridge Rd # 101, Rockwall, TX 75032",Mailbox RentalPost Offices,http://www.harbormail.com/
United States Postal Service,(800) 275-8777,"1200 Jupiter Rd, Plano, TX 75074",Mailbox RentalPost Offices,https://tools.usps.com/go/POLocatorDetailsAction!input.action?&radius=20&locationType=po&locationTypeQ=po&locationID=1442410&utm_source=website-url&utm_medium=search&utm_campaign=yext
The UPS Store,(972) 471-6245,"106 N Denton Tap Rd Ste 210, Coppell, TX 75019",Mailbox RentalMail & Shipping Services,https://locations.theupsstore.com/tx/coppell/106-n-denton-tap-rd?utm_source=Yext&utm_medium=organic&utm_campaign=Listings
The UPS Store,(817) 860-2829,"835 E Lamar Blvd, Arlington, TX 76011",Mailbox RentalMail & Shipping Services,https://locations.theupsstore.com/tx/arlington/835-e-lamar-blvd?utm_source=Yext&utm_medium=organic&utm_campaign=Listings
The UPS Store,(972) 495-7666,"5250 Highway 78 Ste 750, Sachse, TX 75048",Mailbox RentalMail & Shipping Services,https://locations.theupsstore.com/tx/sachse/5250-hwy-78?utm_source=Yext&utm_medium=organic&utm_campaign=Listings
The UPS Store,(817) 398-4022,"4843 Colleyville Blvd Ste 251, Colleyville, TX 76034",Mailbox RentalMail & Shipping Services,https://locations.theupsstore.com/tx/colleyville/4843-colleyville-blvd?utm_source=Yext&utm_medium=organic&utm_campaign=Listings
The UPS Store,(972) 596-0047,"3100 Independence Pkwy Ste 311, Plano, TX 75075",Mailbox RentalMail & Shipping Services,
The UPS Store,(972) 463-2917,"8301 Lakeview Pkwy Ste 111, Rowlett, TX 75088",Mailbox RentalMail & Shipping Services,https://locations.theupsstore.com/tx/rowlett/8301-lakeview-pkwy?utm_source=Yext&utm_medium=organic&utm_campaign=Listings
The UPS Store,(972) 423-0270,"120 E Fm 544 Ste 72, Murphy, TX 75094",Mailbox RentalMail & Shipping Services,https://locations.theupsstore.com/tx/murphy/120-e-fm-544?utm_source=Yext&utm_medium=organic&utm_campaign=Listings
The UPS Store,(817) 251-9337,"1527 W State Highway 114 Ste 500, Grapevine, TX 76051",Mailbox RentalMail & Shipping Services,https://locations.theupsstore.com/tx/grapevine/1527-w-state-hwy-114?utm_source=Yext&utm_medium=organic&utm_campaign=Listings
The UPS Store,(972) 473-3040,"5760 Legacy Dr Ste B3, Plano, TX 75024",Mailbox RentalMail & Shipping Services,https://locations.theupsstore.com/tx/plano/5760-legacy-dr?utm_source=Yext&utm_medium=organic&utm_campaign=Listings
The UPS Store,(817) 749-0003,"2600 E Southlake Blvd Ste 120, Southlake, TX 76092",Mailbox Rental,
United States Postal Service,(800) 275-8777,"940 W Fm 544, Wylie, TX 75098",Mailbox RentalPost Offices,https://tools.usps.com/go/POLocatorDetailsAction!input.action?&radius=20&locationType=po&locationTypeQ=po&locationID=1388378&utm_source=website-url&utm_medium=search&utm_campaign=yext
The UPS Store,(972) 420-1250,"1565 W Main St Ste 208, Lewisville, TX 75067",Mailbox Rental,
The UPS Store,(972) 747-1623,"2300 Mcdermott Rd Ste 200, Plano, TX 75025",Mailbox Rental,
The UPS Store,(972) 874-0750,"2201 Long Prairie Rd Ste 107, Flower Mound, TX 75022",Mailbox RentalMail & Shipping Services,https://locations.theupsstore.com/tx/flower-mound/2201-long-prairie?utm_source=Yext&utm_medium=organic&utm_campaign=Listings
The UPS Store,(972) 377-4620,"9720 Coit Rd Ste 220, Plano, TX 75025",Mailbox RentalMail & Shipping Services,https://locations.theupsstore.com/tx/plano/9720-coit-road?utm_source=Yext&utm_medium=organic&utm_campaign=Listings
The UPS Store,(972) 359-8909,"906 W Mcdermott Dr Ste 116, Allen, TX 75013",Mailbox RentalMail & Shipping Services,http://www.theupsstore.com/
The UPS Store,(214) 387-0800,"5729 Lebanon Rd Ste 144, Frisco, TX 75034",Mailbox Rental,
The UPS Store,(972) 335-3491,"4760 Preston Rd Ste 244, Frisco, TX 75034",Mailbox RentalMail & Shipping Services,https://locations.theupsstore.com/tx/frisco/4760-preston-rd?utm_source=Yext&utm_medium=organic&utm_campaign=Listings
The UPS Store,(817) 453-9669,"990 Highway 287 N Ste 106, Mansfield, TX 76063",Mailbox RentalMail & Shipping Services,https://locations.theupsstore.com/tx/mansfield/990-hwy-287-n?utm_source=Yext&utm_medium=organic&utm_campaign=Listings
United States Postal Service,(800) 275-8777,"211 E Avenue G, Midlothian, TX 76065",Mailbox RentalPost Offices,https://tools.usps.com/go/POLocatorDetailsAction!input.action?&radius=20&locationType=po&locationTypeQ=po&locationID=1373000&utm_source=website-url&utm_medium=search&utm_campaign=yext
The UPS Store,(972) 775-2980,"661 E Main St Ste 200, Midlothian, TX 76065",Mailbox RentalMail & Shipping Services,https://locations.theupsstore.com/tx/midlothian/661-e-main-st?utm_source=Yext&utm_medium=organic&utm_campaign=Listings
The UPS Store,(817) 281-8877,"8528 Davis Blvd Ste 134, North Richland Hills, TX 76182",Mailbox RentalMail & Shipping Services,https://locations.theupsstore.com/tx/north-richland-hills/8528-davis-blvd?utm_source=Yext&utm_medium=organic&utm_campaign=Listings
The UPS Store,(817) 561-7447,"4401 Little Rd Ste 550, Arlington, TX 76016",Mailbox RentalMail & Shipping Services,https://locations.theupsstore.com/tx/arlington/4401-little-rd?utm_source=Yext&utm_medium=organic&utm_campaign=Listings
The UPS Store,(214) 469-1377,"5605 Fm 423 Ste 500, Frisco, TX 75034",Mailbox RentalMail & Shipping Services,https://locations.theupsstore.com/tx/frisco/5605-fm-423?utm_source=Yext&utm_medium=organic&utm_campaign=Listings
The UPS Store,(972) 691-9143,"2221 Justin Rd Ste 119, Flower Mound, TX 75028",Mailbox RentalMail & Shipping Services,https://locations.theupsstore.com/tx/flower-mound/2221-justin-rd?utm_source=Yext&utm_medium=organic&utm_campaign=Listings
HeadSpace Dallas,(972) 695-9350,"4100 Midway Rd # 2120, Carrollton, TX 75007",Mailbox Rental,http://www.headspacedallas.com/
The UPS Store,(469) 814-0620,"2024 W 15th St Ste F, Plano, TX 75075",Mailbox RentalMail & Shipping Services,https://locations.theupsstore.com/tx/plano/2024-w-15th-st?utm_source=Yext&utm_medium=organic&utm_campaign=Listings
The UPS Store,(972) 378-3118,"6505 W Park Blvd, Plano, TX 75093",Mailbox Rental,
The UPS Store,(972) 395-7292,"1001 E Hebron Pkwy Ste 118, Carrollton, TX 75010",Mailbox RentalMail & Shipping Services,https://locations.theupsstore.com/tx/carrollton/1001-e-hebron-pkwy?utm_source=Yext&utm_medium=organic&utm_campaign=Listings
The UPS Store,(817) 508-8675,"2248 Central Dr Ste 107, Bedford, TX 76021",Mailbox RentalMail & Shipping Services,https://locations.theupsstore.com/tx/bedford/2248-central-dr?utm_source=Yext&utm_medium=organic&utm_campaign=Listings
The UPS Store,(469) 331-6270,"1121 E Spring Creek Pkwy Ste 110, Plano, TX 75074",Mailbox RentalMail & Shipping Services,https://locations.theupsstore.com/tx/plano/1121-e-spring-creek-pkwy?utm_source=Yext&utm_medium=organic&utm_campaign=Listings
The UPS Store,(214) 618-1408,"5733 State Highway 121 Ste 210, The Colony, TX 75056",Mailbox RentalMail & Shipping Services,https://locations.theupsstore.com/tx/the-colony/5733-state-hwy-121?utm_source=Yext&utm_medium=organic&utm_campaign=Listings
The UPS Store,(682) 400-8556,"3540 E Broad St Ste 120, Mansfield, TX 76063",Mailbox RentalMail & Shipping Services,https://locations.theupsstore.com/tx/mansfield/3540-e-broad-st?utm_source=Yext&utm_medium=organic&utm_campaign=Listings
Poc Pack N Ship,(972) 539-5826,"1901 Long Prairie Rd Ste 130, Flower Mound, TX 75022",Mailbox RentalPacking & Crating Service,
The UPS Store,(817) 280-9366,"1418 W Pipeline Rd, Hurst, TX 76053",Mailbox RentalMail & Shipping Services,https://locations.theupsstore.com/tx/hurst/1418-w-pipeline-rd?utm_source=Yext&utm_medium=organic&utm_campaign=Listings
Liberty Postal Express,(972) 899-9275,"2560 King Arthur Blvd Ste 124, Lewisville, TX 75056",Mailbox RentalMail & Shipping Services,http://www.libertypostal.com/
Mail Services Unlimited,(817) 794-0808,"2504 W Park Row Dr, Pantego, TX 76013",Mailbox RentalFax Service,
The UPS Store,(214) 705-9800,"8240 Preston Rd Ste 125, Plano, TX 75024",Mailbox RentalMail & Shipping Services,http://www.theupsstore.com/
Ray Hubbard Postal Center,(972) 771-3677,"709 W Rusk St, Rockwall, TX 75087",Mailbox RentalMail & Shipping Services,http://www.rayhubbardpostal.com/
The UPS Store,(817) 557-4664,"4621 S Cooper St Ste 131, Arlington, TX 76017",Mailbox Rental,
Pack N Mail,(817) 488-9733,"2150 W Northwest Hwy Ste 114, Grapevine, TX 76051",Mailbox RentalFax Service,http://www.packnmailgrapevine.com/
The Mail Bag,(972) 393-3430,"120 S Denton Tap Rd Ste 450, Coppell, TX 75019",Mailbox Rental,
The Mail Room,(817) 514-8070,"729 Grapevine Hwy, Hurst, TX 76054",Mailbox RentalFax Service,http://www.themailroomhurst.com/
Pack N Mail,(817) 488-9733,"2150 W Northwest Hwy Ste 114, Grapevine, TX 76051",Mailbox RentalFax Service,http://www.packnmailgrapevine.com/
The Mail Bag,(972) 393-3430,"120 S Denton Tap Rd Ste 450, Coppell, TX 75019",Mailbox Rental,
The Mail Room,(817) 514-8070,"729 Grapevine Hwy, Hurst, TX 76054",Mailbox RentalFax Service,http://www.themailroomhurst.com/
Mailboxes & Such,(817) 794-0808,"2504 W Park Row Dr, Pantego, TX 76013",Mailbox RentalFax Service,http://www.mailservicesunlimited.net/
US Post Office,(800) 275-8777,"2033 W McDermott Dr Ste 320, Allen, TX 75013",Mailbox RentalPost Offices,http://www.usps.com/
Eagle Postal Center,(817) 473-2567,"1301 E Debbie Ln Ste 102, Mansfield, TX 76063",Mailbox RentalShipping Services,http://www.theupsstore.com/
Mr Parcel,(972) 727-1454,"101 N Greenville Ave Ste C, Allen, TX 75002",Mailbox RentalMail & Shipping Services,http://www.mrparcelallen.com/
Copy & Ship HQ,(972) 660-7225,"2580 W Camp Wisdom Rd Ste 100, Grand Prairie, TX 75052",Mailbox Rental,http://www.copyandshiphq.com/
UPS,(817) 276-9424,"615 E Abram St, Arlington, TX 76010",Mailbox RentalDelivery Service,http://ups.com/
Eagle Postal Center,(817) 795-6674,"2131 N Collins St Ste 433, Arlington, TX 76011",Mailbox RentalFax Service,http://www.eaglepostal.us/
The UPS Store,(817) 750-0100,"8553 N Beach St, Fort Worth, TX 76244",Mailbox RentalMail & Shipping Services,https://locations.theupsstore.com/tx/keller/8553-n-beach-st?utm_source=Yext&utm_medium=organic&utm_campaign=Listings
The UPS Store,(972) 540-5130,"11625 Custer Rd Ste 110, Frisco, TX 75035",Mailbox RentalDelivery Service,
The UPS Store,(972) 712-0514,"8745 Gary Burns Dr Ste 160, Frisco, TX 75034",Mailbox RentalMail & Shipping Services,https://locations.theupsstore.com/tx/frisco/8745-gary-burns-dr?utm_source=Yext&utm_medium=organic&utm_campaign=Listings
The UPS Store,(972) 678-3013,"190 E Stacy Rd Ste 306, Allen, TX 75002",Mailbox RentalMail & Shipping Services,https://locations.theupsstore.com/tx/allen/190-e-stacy-rd?utm_source=Yext&utm_medium=organic&utm_campaign=Listings
The UPS Store,(972) 731-9400,"3245 Main St Ste 235, Frisco, TX 75034",Mailbox RentalMail & Shipping Services,https://locations.theupsstore.com/tx/frisco/3245-main-st?utm_source=Yext&utm_medium=organic&utm_campaign=Listings
The UPS Store,(972) 351-9310,"791 N Highway 77, Waxahachie, TX 75165",Mailbox Rental,
United States Postal Service,(972) 853-3871,"609 Main St, Lavon, TX 75166",Mailbox RentalPost Offices,http://www.belvoirmwr.com/
The UPS Store,(214) 618-3634,"2831 Eldorado Pkwy Ste 103, Frisco, TX 75033",Mailbox RentalMail & Shipping Services,https://locations.theupsstore.com/tx/frisco/2831-el-dorado-pkwy?utm_source=Yext&utm_medium=organic&utm_campaign=Listings
The UPS Store,(972) 668-5123,"5999 Custer Rd Ste 110, Frisco, TX 75035",Mailbox RentalMail & Shipping Services,https://locations.theupsstore.com/tx/frisco/5999-custer-rd?utm_source=Yext&utm_medium=organic&utm_campaign=Listings
The UPS Store,(214) 705-9800,"15789 Atkins Ln, Frisco, TX 75035",Mailbox RentalMail & Shipping Services,http://www.theupsstore.com/
The UPS Store,(972) 377-2115,"5000 Eldorado Pkwy, Frisco, TX 75033",Mailbox RentalMail & Shipping Services,https://locations.theupsstore.com/tx/frisco/5000-el-dorado-pkwy?utm_source=Yext&utm_medium=organic&utm_campaign=Listings
QuickShip Mail and Business Center,(940) 497-2202,"209 S Shady Shores Dr Ste 300, Lake Dallas, TX 75065",Mailbox RentalMail & Shipping Services,http://www.quickshipinc.com/
ABS Associated Business Services,(888) 613-8030,,Mailbox RentalLegal Document Assistance,http://www.pmattabs.com/services-offered-nationwide
